,sexseas,cat,catc,seas,sex,seasc,month,sexc,massg,O2 extraction efficiency,FC_m18,q10_m18,ta_m18,m18,intake,pintake
1,Dry season female,1,"Dry season, female",0,0,Dry season,July,female,566.4286,0.02,0.048,2.2,31,281.5212573,72,0.127112226
2,Dry season male,2,"Dry season, male",0,1,Dry season,July,male,562.5,0.02,0.048,2.3,34,240.5136595,67,0.119111111
3,Wet season female,3,"Wet season, female",1,0,Wet season,January,female,549,0.02,0.044,2.4,30,234.0275942,60,0.109289617
4,Wet season male,4,"Wet season, male",1,1,Wet season,January,male,616.25,0.02,0.033,4.3,27,197.9393715,61,0.098985801
